Date,Market Cap
20/02/2018,189536000000
19/02/2018,178055000000
18/02/2018,187663000000
17/02/2018,172191000000
16/02/2018,170960000000
15/02/2018,160025000000
14/02/2018,145023000000
13/02/2018,150516000000
12/02/2018,137258000000
11/02/2018,145245000000
10/02/2018,146981000000
09/02/2018,139412000000
08/02/2018,128714000000
07/02/2018,130683000000
06/02/2018,118810000000
05/02/2018,139325000000
04/02/2018,154553000000
03/02/2018,149085000000
02/02/2018,153953000000
01/02/2018,172372000000
31/01/2018,170183000000
30/01/2018,190339000000
29/01/2018,197871000000
28/01/2018,193133000000
27/01/2018,188054000000
26/01/2018,189398000000
25/01/2018,192163000000
24/01/2018,183419000000
23/01/2018,184087000000
22/01/2018,195645000000
21/01/2018,216740000000
20/01/2018,195979000000
19/01/2018,192150000000
18/01/2018,188242000000
17/01/2018,192123000000
16/01/2018,232517000000
15/01/2018,231334000000
14/01/2018,241447000000
13/01/2018,234391000000
12/01/2018,225986000000
11/01/2018,251387000000
10/01/2018,244981000000
09/01/2018,253935000000
08/01/2018,276612000000
07/01/2018,294222000000
06/01/2018,293091000000
05/01/2018,259748000000
04/01/2018,256250000000
03/01/2018,251312000000
02/01/2018,228579000000
01/01/2018,236725000000
31/12/2017,216326000000
30/12/2017,246224000000
29/12/2017,246428000000
28/12/2017,265988000000
27/12/2017,270976000000
26/12/2017,235294000000
25/12/2017,234590000000
24/12/2017,244824000000
23/12/2017,233748000000
22/12/2017,266381000000
21/12/2017,278827000000
20/12/2017,297526000000
19/12/2017,320242000000
18/12/2017,320000000000
17/12/2017,326141000000
16/12/2017,297376000000
15/12/2017,277936000000
14/12/2017,274269000000
13/12/2017,292900000000
12/12/2017,283155000000
11/12/2017,258147000000
10/12/2017,253782000000
09/12/2017,276415000000
08/12/2017,297787000000
07/12/2017,238600000000
06/12/2017,199390000000
05/12/2017,195389000000
04/12/2017,189172000000
03/12/2017,185258000000
02/12/2017,183490000000
01/12/2017,170436000000
30/11/2017,165537000000
29/11/2017,168367000000
28/11/2017,164104000000
27/11/2017,156221000000
26/11/2017,146789000000
25/11/2017,137632000000
24/11/2017,134816000000
23/11/2017,137444000000
22/11/2017,134851000000
21/11/2017,136967000000
20/11/2017,134167000000
19/11/2017,129595000000
18/11/2017,128425000000
17/11/2017,131026000000
16/11/2017,122164000000
15/11/2017,110667000000
14/11/2017,109434000000
13/11/2017,99029000000
12/11/2017,104980000000
11/11/2017,110362000000
10/11/2017,119607000000
09/11/2017,124146000000
08/11/2017,119041000000
07/11/2017,117056000000
06/11/2017,123379000000
05/11/2017,123388000000
04/11/2017,119376000000
03/11/2017,118084000000
02/11/2017,112910000000
01/11/2017,107287000000
31/10/2017,102130000000
30/10/2017,101833000000
29/10/2017,95819800000
28/10/2017,96369600000
27/10/2017,98225400000
26/10/2017,95685100000
25/10/2017,91954200000
24/10/2017,98781600000
23/10/2017,99941600000
22/10/2017,100438000000
21/10/2017,99763200000
20/10/2017,94947900000
19/10/2017,92867000000
18/10/2017,93190200000
17/10/2017,95469300000
16/10/2017,94559000000
15/10/2017,97011900000
14/10/2017,93803000000
13/10/2017,90812400000
12/10/2017,80256700000
11/10/2017,79578200000
10/10/2017,79351800000
09/10/2017,76656500000
08/10/2017,73575400000
07/10/2017,72565100000
06/10/2017,71810600000
05/10/2017,70233700000
04/10/2017,71712500000
03/10/2017,73181300000
02/10/2017,72963200000
01/10/2017,72047300000
30/09/2017,69136600000
29/09/2017,69219200000
28/09/2017,69633200000
27/09/2017,64579200000
26/09/2017,65161000000
25/09/2017,61061100000
24/09/2017,62954300000
23/09/2017,60190000000
22/09/2017,60152300000
21/09/2017,64677600000
20/09/2017,64918500000
19/09/2017,67520300000
18/09/2017,59514100000
17/09/2017,59757800000
16/09/2017,60271600000
15/09/2017,52453500000
14/09/2017,64191600000
13/09/2017,68432200000
12/09/2017,69033400000
11/09/2017,68256000000
10/09/2017,70018100000
09/09/2017,70017200000
08/09/2017,76220200000
07/09/2017,75945000000
06/09/2017,72418700000
05/09/2017,69954400000
04/09/2017,75955500000
03/09/2017,75841700000
02/09/2017,81060600000
01/09/2017,77748400000
31/08/2017,75322300000
30/08/2017,75556600000
29/08/2017,72553800000
28/08/2017,72467900000
27/08/2017,71809200000
26/08/2017,72249100000
25/08/2017,71595100000
24/08/2017,68363900000
23/08/2017,67553000000
22/08/2017,66051000000
21/08/2017,67567100000
20/08/2017,69192700000
19/08/2017,68333100000
18/08/2017,71406500000
17/08/2017,72389100000
16/08/2017,69342700000
15/08/2017,71425500000
14/08/2017,67112300000
13/08/2017,64034100000
12/08/2017,60242100000
11/08/2017,55668000000
10/08/2017,55134700000
09/08/2017,56424900000
08/08/2017,55590300000
07/08/2017,52987300000
06/08/2017,53720900000
05/08/2017,47778200000
04/08/2017,46276200000
03/08/2017,44666400000
02/08/2017,44950800000
01/08/2017,47321800000
31/07/2017,45535800000
30/07/2017,44890700000
29/07/2017,46246700000
28/07/2017,44144400000
27/07/2017,41816500000
26/07/2017,42455000000
25/07/2017,45410100000
24/07/2017,44995600000
23/07/2017,46231100000
22/07/2017,43929600000
21/07/2017,46719000000
20/07/2017,37356800000
19/07/2017,38227800000
18/07/2017,36749400000
17/07/2017,31795000000
16/07/2017,32767600000
15/07/2017,36681300000
14/07/2017,38823100000
13/07/2017,39511000000
12/07/2017,38355900000
11/07/2017,39224200000
10/07/2017,41509000000
09/07/2017,42283200000
08/07/2017,41417700000
07/07/2017,42864200000
06/07/2017,42851400000
05/07/2017,42760800000
04/07/2017,42067900000
03/07/2017,41037200000
02/07/2017,40010500000
01/07/2017,40928200000
30/06/2017,41689100000
29/06/2017,42150300000
28/06/2017,41906700000
27/06/2017,40677900000
26/06/2017,42514000000
25/06/2017,42783800000
24/06/2017,44932900000
23/06/2017,44415900000
22/06/2017,44143700000
21/06/2017,44440800000
20/06/2017,42498000000
19/06/2017,41800600000
18/06/2017,43539300000
17/06/2017,41217200000
16/06/2017,40484100000
15/06/2017,40971300000
14/06/2017,44528300000
13/06/2017,43934100000
12/06/2017,48391200000
11/06/2017,48208700000
10/06/2017,46331400000
09/06/2017,45987100000
08/06/2017,44557100000
07/06/2017,46989800000
06/06/2017,44061000000
05/06/2017,41133900000
04/06/2017,41708200000
03/06/2017,40817100000
02/06/2017,39344600000
01/06/2017,37446200000
31/05/2017,35786700000
30/05/2017,36897000000
29/05/2017,35323500000
28/05/2017,33595900000
27/05/2017,35917100000
26/05/2017,37950600000
25/05/2017,39995400000
24/05/2017,37949200000
23/05/2017,35822600000
22/05/2017,33393600000
21/05/2017,33779400000
20/05/2017,32422400000
19/05/2017,30999000000
18/05/2017,29710500000
17/05/2017,28204800000
16/05/2017,28446300000
15/05/2017,29532600000
14/05/2017,29405100000
13/05/2017,28132300000
12/05/2017,30131100000
11/05/2017,29060600000
10/05/2017,28668100000
09/05/2017,28132200000
08/05/2017,26056500000
07/05/2017,25768500000
06/05/2017,25395600000
05/05/2017,25133100000
04/05/2017,24311900000
03/05/2017,23707100000
02/05/2017,23170200000
01/05/2017,21981800000
30/04/2017,21548400000
29/04/2017,21479800000
28/04/2017,21476000000
27/04/2017,20889200000
26/04/2017,20627900000
25/04/2017,20372300000
24/04/2017,19705400000
23/04/2017,20066200000
22/04/2017,19913900000
21/04/2017,20020700000
20/04/2017,19719900000
19/04/2017,19734800000
18/04/2017,19433800000
17/04/2017,19260500000
16/04/2017,19085100000
15/04/2017,18996500000
14/04/2017,19043800000
13/04/2017,19541300000
12/04/2017,19600800000
11/04/2017,19316000000
10/04/2017,19311200000
09/04/2017,19134400000
08/04/2017,19068600000
07/04/2017,19168500000
06/04/2017,18302600000
05/04/2017,18435700000
04/04/2017,18619000000
03/04/2017,17924600000
02/04/2017,17559400000
01/04/2017,17413000000
31/03/2017,16679000000
30/03/2017,16929800000
29/03/2017,16990900000
28/03/2017,16964500000
27/03/2017,15785000000
26/03/2017,15814800000
25/03/2017,15204800000
24/03/2017,16857000000
23/03/2017,17043400000
22/03/2017,18187100000
21/03/2017,17125600000
20/03/2017,16829800000
19/03/2017,15846000000
18/03/2017,17838700000
17/03/2017,19141800000
16/03/2017,20293700000
15/03/2017,20110400000
14/03/2017,19978200000
13/03/2017,19807700000
12/03/2017,19073300000
11/03/2017,18093700000
10/03/2017,19275300000
09/03/2017,18640900000
08/03/2017,19819800000
07/03/2017,20627100000
06/03/2017,20531900000
05/03/2017,20316000000
04/03/2017,20688800000
03/03/2017,20253700000
02/03/2017,19829800000
01/03/2017,19104800000
28/02/2017,19113600000
27/02/2017,18837300000
26/02/2017,18518900000
25/02/2017,18939500000
24/02/2017,18974400000
23/02/2017,18075200000
22/02/2017,18033400000
21/02/2017,17456900000
20/02/2017,16960200000
19/02/2017,17056600000
18/02/2017,16964800000
17/02/2017,16589600000
16/02/2017,16289100000
15/02/2017,16264100000
14/02/2017,16028000000
13/02/2017,16141500000
12/02/2017,16214700000
11/02/2017,15976700000
10/02/2017,16083600000
09/02/2017,17197100000
08/02/2017,17156700000
07/02/2017,16796600000
06/02/2017,16605400000
05/02/2017,16847400000
04/02/2017,16648800000
03/02/2017,16326100000
02/02/2017,15977800000
01/02/2017,15667900000
31/01/2017,14859700000
30/01/2017,14844900000
29/01/2017,14874000000
28/01/2017,14835800000
27/01/2017,14810400000
26/01/2017,14551200000
25/01/2017,14380700000
24/01/2017,14681400000
23/01/2017,14918800000
22/01/2017,14863600000
21/01/2017,14432000000
20/01/2017,14472100000
19/01/2017,14311700000
18/01/2017,14648900000
17/01/2017,13383900000
16/01/2017,13234600000
15/01/2017,13174300000
14/01/2017,13285200000
13/01/2017,12939100000
12/01/2017,12477600000
11/01/2017,14615700000
10/01/2017,14522600000
09/01/2017,14694900000
08/01/2017,14611400000
07/01/2017,14534400000
06/01/2017,16314100000
05/01/2017,18604000000
04/01/2017,16795400000
03/01/2017,16426600000
02/01/2017,16055100000
01/01/2017,15491200000
31/12/2016,15440700000
30/12/2016,15630200000
29/12/2016,15670000000
28/12/2016,15020500000
27/12/2016,14593300000
26/12/2016,14407800000
25/12/2016,14450100000
24/12/2016,14810300000
23/12/2016,13888600000
22/12/2016,13393800000
21/12/2016,12853700000
20/12/2016,12717600000
19/12/2016,12691100000
18/12/2016,12694800000
17/12/2016,12599600000
16/12/2016,12498800000
15/12/2016,12511700000
14/12/2016,12512900000
13/12/2016,12521500000
12/12/2016,12349800000
11/12/2016,12423600000
10/12/2016,12394500000
09/12/2016,12344000000
08/12/2016,12312500000
07/12/2016,12248900000
06/12/2016,12159400000
05/12/2016,12393100000
04/12/2016,12363600000
03/12/2016,12467800000
02/12/2016,12134800000
01/12/2016,11949200000
30/11/2016,11791600000
29/11/2016,11790900000
28/11/2016,11727800000
27/11/2016,11773800000
26/11/2016,11869600000
25/11/2016,11851100000
24/11/2016,11916500000
23/11/2016,12029000000
22/11/2016,11834200000
21/11/2016,11698900000
20/11/2016,12027500000
19/11/2016,12025400000
18/11/2016,11846000000
17/11/2016,11911300000
16/11/2016,11370700000
15/11/2016,11283400000
14/11/2016,11214600000
13/11/2016,11264500000
12/11/2016,11447700000
11/11/2016,11427200000
10/11/2016,11542100000
09/11/2016,11333000000
08/11/2016,11224000000
07/11/2016,11344800000
06/11/2016,11233000000
05/11/2016,11227200000
04/11/2016,10996400000
03/11/2016,11844300000
02/11/2016,11647200000
01/11/2016,11187700000
31/10/2016,11207200000
30/10/2016,11388800000
29/10/2016,11007600000
28/10/2016,10969800000
27/10/2016,10812500000
26/10/2016,10484000000
25/10/2016,10424300000
24/10/2016,10473500000
23/10/2016,10479700000
22/10/2016,10088400000
21/10/2016,10050300000
20/10/2016,10046700000
19/10/2016,10164800000
18/10/2016,10184000000
17/10/2016,10221300000
16/10/2016,10176800000
15/10/2016,10195200000
14/10/2016,10141600000
13/10/2016,10125100000
12/10/2016,10201000000
11/10/2016,9855650000
10/10/2016,9816270000
09/10/2016,9852480000
08/10/2016,9822100000
07/10/2016,9745740000
06/10/2016,9742370000
05/10/2016,9705320000
04/10/2016,9733330000
03/10/2016,9714980000
02/10/2016,9761330000
01/10/2016,9696280000
30/09/2016,9628250000
29/09/2016,9616160000
28/09/2016,9634530000
27/09/2016,9661590000
26/09/2016,9545830000
25/09/2016,9575360000
24/09/2016,9577520000
23/09/2016,9469130000
22/09/2016,9485280000
21/09/2016,9584260000
20/09/2016,9673140000
19/09/2016,9681960000
18/09/2016,9623950000
17/09/2016,9637600000
16/09/2016,9637020000
15/09/2016,9688940000
14/09/2016,9660080000
13/09/2016,9645930000
12/09/2016,9628560000
11/09/2016,9887780000
10/09/2016,9878730000
09/09/2016,9931980000
08/09/2016,9745120000
07/09/2016,9679610000
06/09/2016,9614140000
05/09/2016,9652490000
04/09/2016,9486370000
03/09/2016,9120440000
02/09/2016,9069550000
01/09/2016,9118280000
31/08/2016,9149730000
30/08/2016,9093530000
29/08/2016,9091830000
28/08/2016,9023610000
27/08/2016,9174990000
26/08/2016,9147170000
25/08/2016,9184700000
24/08/2016,9234800000
23/08/2016,9286930000
22/08/2016,9199410000
21/08/2016,9208210000
20/08/2016,9114500000
19/08/2016,9085820000
18/08/2016,9074760000
17/08/2016,9138030000
16/08/2016,8970770000
15/08/2016,9021180000
14/08/2016,9258730000
13/08/2016,9285530000
12/08/2016,9307250000
11/08/2016,9358770000
10/08/2016,9286960000
09/08/2016,9339660000
08/08/2016,9365440000
07/08/2016,9285940000
06/08/2016,9083510000
05/08/2016,9133690000
04/08/2016,8943870000
03/08/2016,8663670000
02/08/2016,9574320000
01/08/2016,9860620000
31/07/2016,10340900000
30/07/2016,10370100000
29/07/2016,10338900000
28/07/2016,10328100000
27/07/2016,10281900000
26/07/2016,10321900000
25/07/2016,10431900000
24/07/2016,10338600000
23/07/2016,10263700000
22/07/2016,10486600000
21/07/2016,10490300000
20/07/2016,10608600000
19/07/2016,10606500000
18/07/2016,10716800000
17/07/2016,10434700000
16/07/2016,10461700000
15/07/2016,10387900000
14/07/2016,10288400000
13/07/2016,10474500000
12/07/2016,10213100000
11/07/2016,10215200000
10/07/2016,10247300000
09/07/2016,10493800000
08/07/2016,10086900000
07/07/2016,10673400000
06/07/2016,10550300000
05/07/2016,10749100000
04/07/2016,10362700000
03/07/2016,11086100000
02/07/2016,10639600000
01/07/2016,10570600000
30/06/2016,10066400000
29/06/2016,10119600000
28/06/2016,10336800000
27/06/2016,9882840000
26/06/2016,10454900000
25/06/2016,10442000000
24/06/2016,9816730000
23/06/2016,9373190000
22/06/2016,10445300000
21/06/2016,11540000000
20/06/2016,11976700000
19/06/2016,11859800000
18/06/2016,11732600000
17/06/2016,12038900000
16/06/2016,10908900000
15/06/2016,10736600000
14/06/2016,11028900000
13/06/2016,10511900000
12/06/2016,9539850000
11/06/2016,9052360000
10/06/2016,9005920000
09/06/2016,9103080000
08/06/2016,9022250000
07/06/2016,9149580000
06/06/2016,8977700000
05/06/2016,8955060000
04/06/2016,8897080000
03/06/2016,8395070000
02/06/2016,8375000000
01/06/2016,8288680000
31/05/2016,8335100000
30/05/2016,8243960000
29/05/2016,8226500000
28/05/2016,7375780000
27/05/2016,7070010000
26/05/2016,7008500000
25/05/2016,6950690000
24/05/2016,6921460000
23/05/2016,6842470000
22/05/2016,6900700000
21/05/2016,6895230000
20/05/2016,6813080000
19/05/2016,7072090000
18/05/2016,7057390000
17/05/2016,7060730000
16/05/2016,7114740000
15/05/2016,7084760000
14/05/2016,7084100000
13/05/2016,7067270000
12/05/2016,7028330000
11/05/2016,7002230000
10/05/2016,7150370000
09/05/2016,7112510000
08/05/2016,7114060000
07/05/2016,7131120000
06/05/2016,6947800000
05/05/2016,6926990000
04/05/2016,6978950000
03/05/2016,6892690000
02/05/2016,7002610000
01/05/2016,6947430000
30/04/2016,7049460000
29/04/2016,6958330000
28/04/2016,6889170000
27/04/2016,7216190000
26/04/2016,7143060000
25/04/2016,7102490000
24/04/2016,6968570000
23/04/2016,6894280000
22/04/2016,6951860000
21/04/2016,6822320000
20/04/2016,6726370000
19/04/2016,6622450000
18/04/2016,6604150000
17/04/2016,6649170000
16/04/2016,6631310000
15/04/2016,6550350000
14/04/2016,6541030000
13/04/2016,6565470000
12/04/2016,6520870000
11/04/2016,6504290000
10/04/2016,6467330000
09/04/2016,6484410000
08/04/2016,6515190000
07/04/2016,6524680000
06/04/2016,6533260000
05/04/2016,6481350000
04/04/2016,6483910000
03/04/2016,6480470000
02/04/2016,6436700000
01/04/2016,6409540000
31/03/2016,6385140000
30/03/2016,6407840000
29/03/2016,6521010000
28/03/2016,6553700000
27/03/2016,6423040000
26/03/2016,6409500000
25/03/2016,6394850000
24/03/2016,6422730000
23/03/2016,6417130000
22/03/2016,6338430000
21/03/2016,6341380000
20/03/2016,6293610000
19/03/2016,6274790000
18/03/2016,6446330000
17/03/2016,6404130000
16/03/2016,6387190000
15/03/2016,6377870000
14/03/2016,6342780000
13/03/2016,6302330000
12/03/2016,6453260000
11/03/2016,6384740000
10/03/2016,6344960000
09/03/2016,6330230000
08/03/2016,6337370000
07/03/2016,6233430000
06/03/2016,6121400000
05/03/2016,6276610000
04/03/2016,6443890000
03/03/2016,6474150000
02/03/2016,6643810000
01/03/2016,6684800000
29/02/2016,6614980000
28/02/2016,6600310000
27/02/2016,6602810000
26/02/2016,6476080000
25/02/2016,6480650000
24/02/2016,6417190000
23/02/2016,6679400000
22/02/2016,6689200000
21/02/2016,6669260000
20/02/2016,6421310000
19/02/2016,6436980000
18/02/2016,6341430000
17/02/2016,6204150000
16/02/2016,6108040000
15/02/2016,6199850000
14/02/2016,5975580000
13/02/2016,5847990000
12/02/2016,5771040000
11/02/2016,5806110000
10/02/2016,5713880000
09/02/2016,5670880000
08/02/2016,5720100000
07/02/2016,5714760000
06/02/2016,5865740000
05/02/2016,5898960000
04/02/2016,5613380000
03/02/2016,5679530000
02/02/2016,5651690000
01/02/2016,5596090000
31/01/2016,5729870000
30/01/2016,5736760000
29/01/2016,5753970000
28/01/2016,5980180000
27/01/2016,5937780000
26/01/2016,5929520000
25/01/2016,6083900000
24/01/2016,5867300000
23/01/2016,5779890000
22/01/2016,6190940000
21/01/2016,6338800000
20/01/2016,5734760000
19/01/2016,5843510000
18/01/2016,5761940000
17/01/2016,5842270000
16/01/2016,5507790000
15/01/2016,6489870000
14/01/2016,6519110000
13/01/2016,6553350000
12/01/2016,6755220000
11/01/2016,6761090000
10/01/2016,6752210000
09/01/2016,6828000000
08/01/2016,6888600000
07/01/2016,6472580000
06/01/2016,6498830000
05/01/2016,6515380000
04/01/2016,6468180000
03/01/2016,6519500000
02/01/2016,6533630000
01/01/2016,6473530000
31/12/2015,6399190000
30/12/2015,6508960000
29/12/2015,6339010000
28/12/2015,6356100000
27/12/2015,6251440000
26/12/2015,6838480000
25/12/2015,6823120000
24/12/2015,6645120000
23/12/2015,6547850000
22/12/2015,6556960000
21/12/2015,6636280000
20/12/2015,6925030000
19/12/2015,6942950000
18/12/2015,6825640000
17/12/2015,6807850000
16/12/2015,6962090000
15/12/2015,6640850000
14/12/2015,6480070000
13/12/2015,6454430000
12/12/2015,6761730000
11/12/2015,6206150000
10/12/2015,6244360000
09/12/2015,6189620000
08/12/2015,5908810000
07/12/2015,5821140000
06/12/2015,5813290000
05/12/2015,5426180000
04/12/2015,5388110000
03/12/2015,5358040000
02/12/2015,5394070000
01/12/2015,5624580000
30/11/2015,5534000000
29/11/2015,5324610000
28/11/2015,5318300000
27/11/2015,5238500000
26/11/2015,4886330000
25/11/2015,4762230000
24/11/2015,4805160000
23/11/2015,4823700000
22/11/2015,4861340000
21/11/2015,4787340000
20/11/2015,4850170000
19/11/2015,4971880000
18/11/2015,4969330000
17/11/2015,4905260000
16/11/2015,4746070000
15/11/2015,4942420000
14/11/2015,4994250000
13/11/2015,5020700000
12/11/2015,4657240000
11/11/2015,5037510000
10/11/2015,5631520000
09/11/2015,5546240000
08/11/2015,5692390000
07/11/2015,5542680000
06/11/2015,5745320000
05/11/2015,6040410000
04/11/2015,5973510000
03/11/2015,5353680000
02/11/2015,4820850000
01/11/2015,4657890000
31/10/2015,4856410000
30/10/2015,4639690000
29/10/2015,4496390000
28/10/2015,4338430000
27/10/2015,4211500000
26/10/2015,4187410000
25/10/2015,4154100000
24/10/2015,4080140000
23/10/2015,4037010000
22/10/2015,3930500000
21/10/2015,3970980000
20/10/2015,3885570000
19/10/2015,3859270000
18/10/2015,3991620000
17/10/2015,3870490000
16/10/2015,3745090000
15/10/2015,3711800000
14/10/2015,3672370000
13/10/2015,3608340000
12/10/2015,3632110000
11/10/2015,3599840000
10/10/2015,3584120000
09/10/2015,3565090000
08/10/2015,3572730000
07/10/2015,3617400000
06/10/2015,3531230000
05/10/2015,3497740000
04/10/2015,3502460000
03/10/2015,3482100000
02/10/2015,3482190000
01/10/2015,3462800000
30/09/2015,3471280000
29/09/2015,3505090000
28/09/2015,3413630000
27/09/2015,3431860000
26/09/2015,3444730000
25/09/2015,3433300000
24/09/2015,3373850000
23/09/2015,3381390000
22/09/2015,3322420000
21/09/2015,3383840000
20/09/2015,3385770000
19/09/2015,3406390000
18/09/2015,3415440000
17/09/2015,3349390000
16/09/2015,3365740000
15/09/2015,3368360000
14/09/2015,3369190000
13/09/2015,3435990000
12/09/2015,3502520000
11/09/2015,3479310000
10/09/2015,3478410000
09/09/2015,3551640000
08/09/2015,3498750000
07/09/2015,3499120000
06/09/2015,3424420000
05/09/2015,3355470000
04/09/2015,3311080000
03/09/2015,3340990000
02/09/2015,3321180000
01/09/2015,3352760000
31/08/2015,3335220000
30/08/2015,3345740000
29/08/2015,3368880000
28/08/2015,3268370000
27/08/2015,3287220000
26/08/2015,3228540000
25/08/2015,3053250000
24/08/2015,3314640000
23/08/2015,3346760000
22/08/2015,3379050000
21/08/2015,3417200000
20/08/2015,3293570000
19/08/2015,3274860000
18/08/2015,3742020000
17/08/2015,3749260000
16/08/2015,3797330000
15/08/2015,3849530000
14/08/2015,3828340000
13/08/2015,3857090000
12/08/2015,3920210000
11/08/2015,3828500000
10/08/2015,3843850000
09/08/2015,3779770000
08/08/2015,4048270000
07/08/2015,4032820000
06/08/2015,4077600000
05/08/2015,4119190000
04/08/2015,4065870000
03/08/2015,4087610000
02/08/2015,4052470000
01/08/2015,4112610000
31/07/2015,4155010000
30/07/2015,4174360000
29/07/2015,4250940000
28/07/2015,4237650000
27/07/2015,4222210000
26/07/2015,4163470000
25/07/2015,4155500000
24/07/2015,3978990000
23/07/2015,3997290000
22/07/2015,3971960000
21/07/2015,4017540000
20/07/2015,3938930000
19/07/2015,3956140000
18/07/2015,4020820000
17/07/2015,4001950000
16/07/2015,4115410000
15/07/2015,4143120000
14/07/2015,4199450000
13/07/2015,4468540000
12/07/2015,4213280000
11/07/2015,4093500000
10/07/2015,3866510000
09/07/2015,3889620000
08/07/2015,3818970000
07/07/2015,3875220000
06/07/2015,3890430000
05/07/2015,3741670000
04/07/2015,3678800000
03/07/2015,3662970000
02/07/2015,3706320000
01/07/2015,3774140000
30/06/2015,3682790000
29/06/2015,3562790000
28/06/2015,3593900000
27/06/2015,3487060000
26/06/2015,3472580000
25/06/2015,3439620000
24/06/2015,3494730000
23/06/2015,3531700000
22/06/2015,3488460000
21/06/2015,3503880000
20/06/2015,3494910000
19/06/2015,3558500000
18/06/2015,3563010000
17/06/2015,3581960000
16/06/2015,3380500000
15/06/2015,3331930000
14/06/2015,3317080000
13/06/2015,3280180000
12/06/2015,3276290000
11/06/2015,3263390000
10/06/2015,3264420000
09/06/2015,3257050000
08/06/2015,3175520000
07/06/2015,3213390000
06/06/2015,3203980000
05/06/2015,3191080000
04/06/2015,3213320000
03/06/2015,3212010000
02/06/2015,3170730000
01/06/2015,3274370000
31/05/2015,3314780000
30/05/2015,3370240000
29/05/2015,3373380000
28/05/2015,3370890000
27/05/2015,3367340000
26/05/2015,3367040000
25/05/2015,3420480000
24/05/2015,3391910000
23/05/2015,3409830000
22/05/2015,3338560000
21/05/2015,3319140000
20/05/2015,3288140000
19/05/2015,3303650000
18/05/2015,3357380000
17/05/2015,3343940000
16/05/2015,3366300000
15/05/2015,3355680000
14/05/2015,3344280000
13/05/2015,3416690000
12/05/2015,3426350000
11/05/2015,3399290000
10/05/2015,3418740000
09/05/2015,3446790000
08/05/2015,3353090000
07/05/2015,3245660000
06/05/2015,3337790000
05/05/2015,3373650000
04/05/2015,3394130000
03/05/2015,3315980000
02/05/2015,3279270000
01/05/2015,3329190000
30/04/2015,3183860000
29/04/2015,3181700000
28/04/2015,3228470000
27/04/2015,3093200000
26/04/2015,3190790000
25/04/2015,3257850000
24/04/2015,3323830000
23/04/2015,3296060000
22/04/2015,3316990000
21/04/2015,3161520000
20/04/2015,3132400000
19/04/2015,3143460000
18/04/2015,3134170000
17/04/2015,3213910000
16/04/2015,3147650000
15/04/2015,3078890000
14/04/2015,3157970000
13/04/2015,3314280000
12/04/2015,3321740000
11/04/2015,3313620000
10/04/2015,3420500000
09/04/2015,3434520000
08/04/2015,3550390000
07/04/2015,3580410000
06/04/2015,3655990000
05/04/2015,3557460000
04/04/2015,3563920000
03/04/2015,3545940000
02/04/2015,3461060000
01/04/2015,3420100000
31/03/2015,3464410000
30/03/2015,3399510000
29/03/2015,3536570000
28/03/2015,3454980000
27/03/2015,3476180000
26/03/2015,3443230000
25/03/2015,3458950000
24/03/2015,3724830000
23/03/2015,3742290000
22/03/2015,3629920000
21/03/2015,3653040000
20/03/2015,3642550000
19/03/2015,3570820000
18/03/2015,3977030000
17/03/2015,4053230000
16/03/2015,3983760000
15/03/2015,3923350000
14/03/2015,3964470000
13/03/2015,4098250000
12/03/2015,4125290000
11/03/2015,4060030000
10/03/2015,4035790000
09/03/2015,3825250000
08/03/2015,3846750000
07/03/2015,3788190000
06/03/2015,3833160000
05/03/2015,3792480000
04/03/2015,3920130000
03/03/2015,3822510000
02/03/2015,3617340000
01/03/2015,3532050000
28/02/2015,3520560000
27/02/2015,3282410000
26/02/2015,3294030000
25/02/2015,3314640000
24/02/2015,3315370000
23/02/2015,3272880000
22/02/2015,3390510000
21/02/2015,3378660000
20/02/2015,3329190000
19/02/2015,3274980000
18/02/2015,3376060000
17/02/2015,3231750000
16/02/2015,3250240000
15/02/2015,3563290000
14/02/2015,3258210000
13/02/2015,3069830000
12/02/2015,3030990000
11/02/2015,3037370000
10/02/2015,3044180000
09/02/2015,3086220000
08/02/2015,3144920000
07/02/2015,3074140000
06/02/2015,2994350000
05/02/2015,3141730000
04/02/2015,3138700000
03/02/2015,3275110000
02/02/2015,3123010000
01/02/2015,2989460000
31/01/2015,3120490000
30/01/2015,3206940000
29/01/2015,3213920000
28/01/2015,3626050000
27/01/2015,3760210000
26/01/2015,3496650000
25/01/2015,3403300000
24/01/2015,3200970000
23/01/2015,3211490000
22/01/2015,3125520000
21/01/2015,2905520000
20/01/2015,2925910000
19/01/2015,2905410000
18/01/2015,2747730000
17/01/2015,2853930000
16/01/2015,2870180000
15/01/2015,2427830000
14/01/2015,3072020000
13/01/2015,3668040000
12/01/2015,3649970000
11/01/2015,3764960000
10/01/2015,3937990000
09/01/2015,3869530000
08/01/2015,4029490000
07/01/2015,3918090000
06/01/2015,3759970000
05/01/2015,3628490000
04/01/2015,3847150000
03/01/2015,4307010000
02/01/2015,4295210000
01/01/2015,4380820000
31/12/2014,4249480000
30/12/2014,4272940000
29/12/2014,4339700000
28/12/2014,4317320000
27/12/2014,4472050000
26/12/2014,4355750000
25/12/2014,4397250000
24/12/2014,4561040000
23/12/2014,4527490000
22/12/2014,4376890000
21/12/2014,4491320000
20/12/2014,4327750000
19/12/2014,4238930000
18/12/2014,4355140000
17/12/2014,4450380000
16/12/2014,4705370000
15/12/2014,4781560000
14/12/2014,4717270000
13/12/2014,4792870000
12/12/2014,4770620000
11/12/2014,4681040000
10/12/2014,4786700000
09/12/2014,4917110000
08/12/2014,5093180000
07/12/2014,5090240000
06/12/2014,5115040000
05/12/2014,5014290000
04/12/2014,5098100000
03/12/2014,5178450000
02/12/2014,5143500000
01/12/2014,5128700000
30/11/2014,5090060000
29/11/2014,5097280000
28/11/2014,5004050000
27/11/2014,5018040000
26/11/2014,5091480000
25/11/2014,5101970000
24/11/2014,4966080000
23/11/2014,4778440000
22/11/2014,4755830000
21/11/2014,4839570000
20/11/2014,5141550000
19/11/2014,5053560000
18/11/2014,5239790000
17/11/2014,5246000000
16/11/2014,5060640000
15/11/2014,5395770000
14/11/2014,5647540000
13/11/2014,5765520000
12/11/2014,4964150000
11/11/2014,4934270000
10/11/2014,4884490000
09/11/2014,4655480000
08/11/2014,4610750000
07/11/2014,4712700000
06/11/2014,4571830000
05/11/2014,4452510000
04/11/2014,4403750000
03/11/2014,4380950000
02/11/2014,4386500000
01/11/2014,4554320000
31/10/2014,4638210000
30/10/2014,4511760000
29/10/2014,4797700000
28/10/2014,4744450000
27/10/2014,4764020000
26/10/2014,4665040000
25/10/2014,4812990000
24/10/2014,4811290000
23/10/2014,5136830000
22/10/2014,5177640000
21/10/2014,5126590000
20/10/2014,5216560000
19/10/2014,5242370000
18/10/2014,5143260000
17/10/2014,5125580000
16/10/2014,5281630000
15/10/2014,5366290000
14/10/2014,5241030000
13/10/2014,5055290000
12/10/2014,4849070000
11/10/2014,4831160000
10/10/2014,4874190000
09/10/2014,4713320000
08/10/2014,4489870000
07/10/2014,4414880000
06/10/2014,4277430000
05/10/2014,4389890000
04/10/2014,4801920000
03/10/2014,5004540000
02/10/2014,5120700000
01/10/2014,5165060000
30/09/2014,5012450000
29/09/2014,5022360000
28/09/2014,5321420000
27/09/2014,5374500000
26/09/2014,5477970000
25/09/2014,5632260000
24/09/2014,5798220000
23/09/2014,5348840000
22/09/2014,5307360000
21/09/2014,5425180000
20/09/2014,5245150000
19/09/2014,5634440000
18/09/2014,6067610000
17/09/2014,6185010000
16/09/2014,6302440000
15/09/2014,6339090000
14/09/2014,6355140000
13/09/2014,6335400000
12/09/2014,6357290000
11/09/2014,6355700000
10/09/2014,6299070000
09/09/2014,6289350000
08/09/2014,6379410000
07/09/2014,6421460000
06/09/2014,6395630000
05/09/2014,6477530000
04/09/2014,6317100000
03/09/2014,6304370000
02/09/2014,6270970000
01/09/2014,6313120000
31/08/2014,6642630000
30/08/2014,6715420000
29/08/2014,6711080000
28/08/2014,6741320000
27/08/2014,6756340000
26/08/2014,6626970000
25/08/2014,6700090000
24/08/2014,6567300000
23/08/2014,6764340000
22/08/2014,6817460000
21/08/2014,6721410000
20/08/2014,6385230000
19/08/2014,6072520000
18/08/2014,6465210000
17/08/2014,6826520000
16/08/2014,6544250000
15/08/2014,6717150000
14/08/2014,7175190000
13/08/2014,7490990000
12/08/2014,7569070000
11/08/2014,7760290000
10/08/2014,7730000000
09/08/2014,7770550000
08/08/2014,7721090000
07/08/2014,7663290000
06/08/2014,7678040000
05/08/2014,7716120000
04/08/2014,7677850000
03/08/2014,7710420000
02/08/2014,7786620000
01/08/2014,7670500000
31/07/2014,7421870000
30/07/2014,7646630000
29/07/2014,7655040000
28/07/2014,7765040000
27/07/2014,7782830000
26/07/2014,7857510000
25/07/2014,7854660000
24/07/2014,8087290000
23/07/2014,8106260000
22/07/2014,8119060000
21/07/2014,8138520000
20/07/2014,8196210000
19/07/2014,8201340000
18/07/2014,8110060000
17/07/2014,8031440000
16/07/2014,8100510000
15/07/2014,8071770000
14/07/2014,8155140000
13/07/2014,8252240000
12/07/2014,8219370000
11/07/2014,8019000000
10/07/2014,8122830000
09/07/2014,8125370000
08/07/2014,8088590000
07/07/2014,8253710000
06/07/2014,8203530000
05/07/2014,8177490000
04/07/2014,8365570000
03/07/2014,8442770000
02/07/2014,8314310000
01/07/2014,8316770000
30/06/2014,7812050000
29/06/2014,7728190000
28/06/2014,7761630000
27/06/2014,7527840000
26/06/2014,7329110000
25/06/2014,7529260000
24/06/2014,7683850000
23/06/2014,7787160000
22/06/2014,7703560000
21/06/2014,7672030000
20/06/2014,7717370000
19/06/2014,7852650000
18/06/2014,7872150000
17/06/2014,7634710000
16/06/2014,7645650000
15/06/2014,7427200000
14/06/2014,7744580000
13/06/2014,7548170000
12/06/2014,8160590000
11/06/2014,8412780000
10/06/2014,8369550000
09/06/2014,8439070000
08/06/2014,8428530000
07/06/2014,8407050000
06/06/2014,8478870000
05/06/2014,8242230000
04/06/2014,8569660000
03/06/2014,8486730000
02/06/2014,8086630000
01/06/2014,8007450000
31/05/2014,7902400000
30/05/2014,7290240000
29/05/2014,7392820000
28/05/2014,7333770000
27/05/2014,7468620000
26/05/2014,7322870000
25/05/2014,6729120000
24/05/2014,6673600000
23/05/2014,6731160000
22/05/2014,6297990000
21/05/2014,6215880000
20/05/2014,5708560000
19/05/2014,5703760000
18/05/2014,5735400000
17/05/2014,5725990000
16/05/2014,5714640000
15/05/2014,5671210000
14/05/2014,5624310000
13/05/2014,5634510000
12/05/2014,5591520000
11/05/2014,5789010000
10/05/2014,5742830000
09/05/2014,5609930000
08/05/2014,5588990000
07/05/2014,5468310000
06/05/2014,5517460000
05/05/2014,5534140000
04/05/2014,5580030000
03/05/2014,5716960000
02/05/2014,5816390000
01/05/2014,5690670000
30/04/2014,5679680000
29/04/2014,5590030000
28/04/2014,5470650000
27/04/2014,5805530000
26/04/2014,5860330000
25/04/2014,6345230000
24/04/2014,6225860000
23/04/2014,6192560000
22/04/2014,6280640000
21/04/2014,6307460000
20/04/2014,6356070000
19/04/2014,6073340000
18/04/2014,6276700000
17/04/2014,6695650000
16/04/2014,6606460000
15/04/2014,5797070000
14/04/2014,5244350000
13/04/2014,5326230000
12/04/2014,5317310000
11/04/2014,4593400000
10/04/2014,5583670000
09/04/2014,5719730000
08/04/2014,5648000000
07/04/2014,5821160000
06/04/2014,5843670000
05/04/2014,5630890000
04/04/2014,5615980000
03/04/2014,5497550000
02/04/2014,6032970000
01/04/2014,5752280000
31/03/2014,5816910000
30/03/2014,6193560000
29/03/2014,6308890000
28/03/2014,5997850000
27/03/2014,7291520000
26/03/2014,7329720000
25/03/2014,7346810000
24/03/2014,7061380000
23/03/2014,7099230000
22/03/2014,7164770000
21/03/2014,7376710000
20/03/2014,7642910000
19/03/2014,7692450000
18/03/2014,7789810000
17/03/2014,7901040000
16/03/2014,7968200000
15/03/2014,7876360000
14/03/2014,7983980000
13/03/2014,7924860000
12/03/2014,7900600000
11/03/2014,7848450000
10/03/2014,7950820000
09/03/2014,7697910000
08/03/2014,7862010000
07/03/2014,8291900000
06/03/2014,8291650000
05/03/2014,8310510000
04/03/2014,8332950000
03/03/2014,7013060000
02/03/2014,7069290000
01/03/2014,6851590000
28/02/2014,7219990000
27/02/2014,7241560000
26/02/2014,6683680000
25/02/2014,6721330000
24/02/2014,7537080000
23/02/2014,7539890000
22/02/2014,7136600000
21/02/2014,6918730000
20/02/2014,7738580000
19/02/2014,7771210000
18/02/2014,7783430000
17/02/2014,7620580000
16/02/2014,8077340000
15/02/2014,8193290000
14/02/2014,7449940000
13/02/2014,8065550000
12/02/2014,8326420000
11/02/2014,8461320000
10/02/2014,8431680000
09/02/2014,8307340000
08/02/2014,8651930000
07/02/2014,9683190000
06/02/2014,10079900000
05/02/2014,10254100000
04/02/2014,10174000000
03/02/2014,10174100000
02/02/2014,10279200000
01/02/2014,10222300000
31/01/2014,10092900000
30/01/2014,10182900000
29/01/2014,9981850000
28/01/2014,9535950000
27/01/2014,10894400000
26/01/2014,10510400000
25/01/2014,9799920000
24/01/2014,10118400000
23/01/2014,10398000000
22/01/2014,10661400000
21/01/2014,10687700000
20/01/2014,10704800000
19/01/2014,10311500000
18/01/2014,10018200000
17/01/2014,10241200000
16/01/2014,10553800000
15/01/2014,10216700000
14/01/2014,10336500000
13/01/2014,10541500000
12/01/2014,11264800000
11/01/2014,10619900000
10/01/2014,10363300000
09/01/2014,10295100000
08/01/2014,9734800000
07/01/2014,11571400000
06/01/2014,11410400000
05/01/2014,10465700000
04/01/2014,10035600000
03/01/2014,9786680000
02/01/2014,9428180000
01/01/2014,9203030000
31/12/2013,9268240000
30/12/2013,9037000000
29/12/2013,8872600000
28/12/2013,8990850000
27/12/2013,9295570000
26/12/2013,8326270000
25/12/2013,8108930000
24/12/2013,8179730000
23/12/2013,7455670000
22/12/2013,7315940000
21/12/2013,7533740000
20/12/2013,8433870000
19/12/2013,6302970000
18/12/2013,8232040000
17/12/2013,8570390000
16/12/2013,10676600000
15/12/2013,10611600000
14/12/2013,10904900000
13/12/2013,10599700000
12/12/2013,10690600000
11/12/2013,11973700000
10/12/2013,10798200000
09/12/2013,9602480000
08/12/2013,8431860000
07/12/2013,10096600000
06/12/2013,12593900000
05/12/2013,13922300000
04/12/2013,13010000000
03/12/2013,12628300000
02/12/2013,11478300000
01/12/2013,13614300000
30/11/2013,13614700000
29/11/2013,12557100000
28/11/2013,12087000000
27/11/2013,11124900000
26/11/2013,9699360000
25/11/2013,9302270000
24/11/2013,9570990000
23/11/2013,9279850000
22/11/2013,8703970000
21/11/2013,7142030000
20/11/2013,6943300000
19/11/2013,8559550000
18/11/2013,5961500000
17/11/2013,5291730000
16/11/2013,5005530000
15/11/2013,5029340000
14/11/2013,4871600000
13/11/2013,4325400000
12/11/2013,4109060000
11/11/2013,3896130000
10/11/2013,4174930000
09/11/2013,4051120000
08/11/2013,3562790000
07/11/2013,3129190000
06/11/2013,2926100000
05/11/2013,2738980000
04/11/2013,2564070000
03/11/2013,2459520000
02/11/2013,2456330000
01/11/2013,2432470000
31/10/2013,2382870000
30/10/2013,2436240000
29/10/2013,2365840000
28/10/2013,2337100000
27/10/2013,2102730000
26/10/2013,2231070000
25/10/2013,2351780000
24/10/2013,2548230000
23/10/2013,2298160000
22/10/2013,2169750000
21/10/2013,2075580000
20/10/2013,2037440000
19/10/2013,1849630000
18/10/2013,1735750000
17/10/2013,1688200000
16/10/2013,1725840000
15/10/2013,1667100000
14/10/2013,1648470000
13/10/2013,1599430000
12/10/2013,1547970000
11/10/2013,1545600000
10/10/2013,1544020000
09/10/2013,1486510000
08/10/2013,1496500000
07/10/2013,1527760000
06/10/2013,1514540000
05/10/2013,1517020000
04/10/2013,1454900000
03/10/2013,1348700000
02/10/2013,1555470000
01/10/2013,1562270000
30/09/2013,1614350000
29/09/2013,1587290000
28/09/2013,1573400000
27/09/2013,1516020000
26/09/2013,1506920000
25/09/2013,1496510000
24/09/2013,1480210000
23/09/2013,1513940000
22/09/2013,1500260000
21/09/2013,1488870000
20/09/2013,1520470000
19/09/2013,1539430000
18/09/2013,1542870000
17/09/2013,1540880000
16/09/2013,1531820000
15/09/2013,1514140000
14/09/2013,1579050000
13/09/2013,1552880000
12/09/2013,1583960000
11/09/2013,1470450000
10/09/2013,1485960000
09/09/2013,1422180000
08/09/2013,1448180000
07/09/2013,1386610000
06/09/2013,1474670000
05/09/2013,1477250000
04/09/2013,1590550000
03/09/2013,1579180000
02/09/2013,1613600000
01/09/2013,1572230000
31/08/2013,1547640000
30/08/2013,1422120000
29/08/2013,1424680000
28/08/2013,1468960000
27/08/2013,1394010000
26/08/2013,1417200000
25/08/2013,1387640000
24/08/2013,1374420000
23/08/2013,1414290000
22/08/2013,1428700000
21/08/2013,1403890000
20/08/2013,1377730000
19/08/2013,1312160000
18/08/2013,1304320000
17/08/2013,1260350000
16/08/2013,1271470000
15/08/2013,1300660000
14/08/2013,1265450000
13/08/2013,1235340000
12/08/2013,1211790000
11/08/2013,1188150000
10/08/2013,1185310000
09/08/2013,1187920000
08/08/2013,1229100000
07/08/2013,1229100000
06/08/2013,1228440000
05/08/2013,1209520000
04/08/2013,1207100000
03/08/2013,1201490000
02/08/2013,1205070000
01/08/2013,1220190000
31/07/2013,1239630000
30/07/2013,1164940000
29/07/2013,1131340000
28/07/2013,1082750000
27/07/2013,1100900000
26/07/2013,1111160000
25/07/2013,1082800000
24/07/2013,1094490000
23/07/2013,1048820000
22/07/2013,1053000000
21/07/2013,1027640000
20/07/2013,1052140000
19/07/2013,1029670000
18/07/2013,1125660000
17/07/2013,1104760000
16/07/2013,1129260000
15/07/2013,1068520000
14/07/2013,1126260000
13/07/2013,1072140000
12/07/2013,1014640000
11/07/2013,1003090000
10/07/2013,874138000
09/07/2013,865585000
08/07/2013,870912000
07/07/2013,782352000
06/07/2013,779255000
05/07/2013,909526000
04/07/2013,896693000
03/07/2013,1027160000
02/07/2013,1000070000
01/07/2013,1107130000
30/06/2013,1078260000
29/06/2013,1074010000
28/06/2013,1153880000
27/06/2013,1179110000
26/06/2013,1171050000
25/06/2013,1156610000
24/06/2013,1222030000
23/06/2013,1224980000
22/06/2013,1239210000
21/06/2013,1259000000
20/06/2013,1224210000
19/06/2013,1210260000
18/06/2013,1152250000
17/06/2013,1128720000
16/06/2013,1127120000
15/06/2013,1128950000
14/06/2013,1173060000
13/06/2013,1227030000
12/06/2013,1229000000
11/06/2013,1198640000
10/06/2013,1131570000
09/06/2013,1215130000
08/06/2013,1249630000
07/06/2013,1338880000
06/06/2013,1371300000
05/06/2013,1365110000
04/06/2013,1357020000
03/06/2013,1376180000
02/06/2013,1451930000
01/06/2013,1445800000
31/05/2013,1445050000
30/05/2013,1483180000
29/05/2013,1446190000
28/05/2013,1454310000
27/05/2013,1495520000
26/05/2013,1478030000
25/05/2013,1489950000
24/05/2013,1413300000
23/05/2013,1384780000
22/05/2013,1374130000
21/05/2013,1363940000
20/05/2013,1368910000
19/05/2013,1376370000
18/05/2013,1379140000
17/05/2013,1319590000
16/05/2013,1274620000
15/05/2013,1242760000
14/05/2013,1315720000
13/05/2013,1279980000
12/05/2013,1288630000
11/05/2013,1311050000
10/05/2013,1255970000
09/05/2013,1259980000
08/05/2013,1219450000
07/05/2013,1248470000
06/05/2013,1289470000
05/05/2013,1254760000
04/05/2013,1089890000
03/05/2013,1180070000
02/05/2013,1292190000
01/05/2013,1542820000
30/04/2013,1597780000
29/04/2013,1491160000
28/04/2013,1500520000
